{
  "retCode": 0,
  "result": [
    [
      "2022-11-02 20:00:00",
      "200.0",
      "361",
      "281",
      "60.0",
      "-10.0",
      "150.0",
      "60.0",
      "[60.00000000,-10.00000000,150.00000000,60.00000000]",
      "CAAAANHOjb9mZmY/DQEN/zPYTVk=",
      "BgAAAFLCGsDNzAxABgz//wYB",
      null,
      null,
      "BgAAAOAXGEDdgiBA/6FNATW8"
    ]
  ],
  "duration": 226
}
